autor,orcid,institucion,publicacion,issn,licencia,lugar_fecha,id,familia,regla,residual_controlado,salida_esperada,salida_obtenida,coincide,campos_faltantes,motivo
Juan Antonio Lloret Egea,0000-0002-6634-3351,Instituto Tecnológico Virtual de la Inteligencia Artificial para el Español™ (ITVIA),IA eñ™ — La Biblia de la IA™,2695-6411,CC BY-NC-ND 4.0,"Madrid, 2026",H-01,hidrogeno,ADMISION_H,"R_H^{circ}: dominio, frontera, traza y retorno del hidrógeno",ADMISION,ADMISION,1,,"frontera atómica, traza espectral y retorno declarados"
Juan Antonio Lloret Egea,0000-0002-6634-3351,Instituto Tecnológico Virtual de la Inteligencia Artificial para el Español™ (ITVIA),IA eñ™ — La Biblia de la IA™,2695-6411,CC BY-NC-ND 4.0,"Madrid, 2026",H-02,hidrogeno,ADMISION_H,"R_H^{circ}: dominio, frontera, traza y retorno del hidrógeno",ADMISION,ADMISION,1,,identidad material bajo plasma; no se exige átomo neutro
Juan Antonio Lloret Egea,0000-0002-6634-3351,Instituto Tecnológico Virtual de la Inteligencia Artificial para el Español™ (ITVIA),IA eñ™ — La Biblia de la IA™,2695-6411,CC BY-NC-ND 4.0,"Madrid, 2026",HE-01,helio,ADMISION_HE,R_He: estabilidad nuclear ligera y función diferenciada,ADMISION,ADMISION,1,,estabilidad nuclear y función diferenciada declaradas
Juan Antonio Lloret Egea,0000-0002-6634-3351,Instituto Tecnológico Virtual de la Inteligencia Artificial para el Español™ (ITVIA),IA eñ™ — La Biblia de la IA™,2695-6411,CC BY-NC-ND 4.0,"Madrid, 2026",HHE-01,regimen_hhe,ADMISION_HHE,"R_{HHe}^{SV}: apertura por H, estabilización por He y retorno conjunto",ADMISION,ADMISION,1,,"H abre, He estabiliza y el residual conjunto queda anulado"
Juan Antonio Lloret Egea,0000-0002-6634-3351,Instituto Tecnológico Virtual de la Inteligencia Artificial para el Español™ (ITVIA),IA eñ™ — La Biblia de la IA™,2695-6411,CC BY-NC-ND 4.0,"Madrid, 2026",SOL-01,sol,ADMISION_SOL,"R_SOL: composición H-He, frontera estelar, fusión y retorno",ADMISION,ADMISION,1,,"referencia física con composición, frontera estelar y retorno; no origen"
Juan Antonio Lloret Egea,0000-0002-6634-3351,Instituto Tecnológico Virtual de la Inteligencia Artificial para el Español™ (ITVIA),IA eñ™ — La Biblia de la IA™,2695-6411,CC BY-NC-ND 4.0,"Madrid, 2026",SV443-BASE-01,sv443,ADMISION_SV443_BASE,"R_SV443: subdominio reconocido, dominio extendido y retorno de contraste",ADMISION,ADMISION,1,,entrada reconocida como subdominio físico de contraste
Juan Antonio Lloret Egea,0000-0002-6634-3351,Instituto Tecnológico Virtual de la Inteligencia Artificial para el Español™ (ITVIA),IA eñ™ — La Biblia de la IA™,2695-6411,CC BY-NC-ND 4.0,"Madrid, 2026",CPS-M-01,cps_sv,CPS,"R_CPS: D(A,B), criterios B.1-B.5, compatibilidad y persistencia",APTO-M,APTO-M,1,,"diferencia baja, carácter metálico, compatibilidad posicional y persistencia energética"
Juan Antonio Lloret Egea,0000-0002-6634-3351,Instituto Tecnológico Virtual de la Inteligencia Artificial para el Español™ (ITVIA),IA eñ™ — La Biblia de la IA™,2695-6411,CC BY-NC-ND 4.0,"Madrid, 2026",CPS-C-01,cps_sv,CPS,"R_CPS: D(A,B), criterios B.1-B.5, compatibilidad y persistencia",APTO-C,APTO-C,1,,zona intermedia de enlace covalente estructural
Juan Antonio Lloret Egea,0000-0002-6634-3351,Instituto Tecnológico Virtual de la Inteligencia Artificial para el Español™ (ITVIA),IA eñ™ — La Biblia de la IA™,2695-6411,CC BY-NC-ND 4.0,"Madrid, 2026",CPS-I-01,cps_sv,CPS,"R_CPS: D(A,B), criterios B.1-B.5, compatibilidad y persistencia",APTO-I,APTO-I,1,,diferencia estructural alta con persistencia energética admisible
Juan Antonio Lloret Egea,0000-0002-6634-3351,Instituto Tecnológico Virtual de la Inteligencia Artificial para el Español™ (ITVIA),IA eñ™ — La Biblia de la IA™,2695-6411,CC BY-NC-ND 4.0,"Madrid, 2026",EX-01,exclusion,DEFECTO,R_EX: detección de mezcla de planos o salto material indebido,DEFECTO,DEFECTO,1,,"nombrar H no declara dominio, frontera ni retorno"
Juan Antonio Lloret Egea,0000-0002-6634-3351,Instituto Tecnológico Virtual de la Inteligencia Artificial para el Español™ (ITVIA),IA eñ™ — La Biblia de la IA™,2695-6411,CC BY-NC-ND 4.0,"Madrid, 2026",EX-02,exclusion,DEFECTO,R_EX: detección de mezcla de planos o salto material indebido,DEFECTO,DEFECTO,1,,H no es borde preformal
Juan Antonio Lloret Egea,0000-0002-6634-3351,Instituto Tecnológico Virtual de la Inteligencia Artificial para el Español™ (ITVIA),IA eñ™ — La Biblia de la IA™,2695-6411,CC BY-NC-ND 4.0,"Madrid, 2026",EX-03,exclusion,DEFECTO,R_EX: detección de mezcla de planos o salto material indebido,DEFECTO,DEFECTO,1,,H no es suceso activador
Juan Antonio Lloret Egea,0000-0002-6634-3351,Instituto Tecnológico Virtual de la Inteligencia Artificial para el Español™ (ITVIA),IA eñ™ — La Biblia de la IA™,2695-6411,CC BY-NC-ND 4.0,"Madrid, 2026",EX-04,exclusion,DEFECTO,R_EX: detección de mezcla de planos o salto material indebido,DEFECTO,DEFECTO,1,,H ocupa dominio espacial; no lo funda
Juan Antonio Lloret Egea,0000-0002-6634-3351,Instituto Tecnológico Virtual de la Inteligencia Artificial para el Español™ (ITVIA),IA eñ™ — La Biblia de la IA™,2695-6411,CC BY-NC-ND 4.0,"Madrid, 2026",EX-05,exclusion,DEFECTO,R_EX: detección de mezcla de planos o salto material indebido,DEFECTO,DEFECTO,1,,"H es apertura material ordinaria, no fundamento absoluto"
Juan Antonio Lloret Egea,0000-0002-6634-3351,Instituto Tecnológico Virtual de la Inteligencia Artificial para el Español™ (ITVIA),IA eñ™ — La Biblia de la IA™,2695-6411,CC BY-NC-ND 4.0,"Madrid, 2026",EX-06,exclusion,DEFECTO,R_EX: detección de mezcla de planos o salto material indebido,DEFECTO,DEFECTO,1,,el Sol contrasta el régimen; no lo funda
Juan Antonio Lloret Egea,0000-0002-6634-3351,Instituto Tecnológico Virtual de la Inteligencia Artificial para el Español™ (ITVIA),IA eñ™ — La Biblia de la IA™,2695-6411,CC BY-NC-ND 4.0,"Madrid, 2026",EX-07,exclusion,DEFECTO,R_EX: detección de mezcla de planos o salto material indebido,DEFECTO,DEFECTO,1,,cambia el canal físico y el residual de transición
Juan Antonio Lloret Egea,0000-0002-6634-3351,Instituto Tecnológico Virtual de la Inteligencia Artificial para el Español™ (ITVIA),IA eñ™ — La Biblia de la IA™,2695-6411,CC BY-NC-ND 4.0,"Madrid, 2026",EX-08,exclusion,DEFECTO,R_EX: detección de mezcla de planos o salto material indebido,DEFECTO,DEFECTO,1,,lo estructural requiere retorno específico antes de incorporarse al subdominio reconocido
Juan Antonio Lloret Egea,0000-0002-6634-3351,Instituto Tecnológico Virtual de la Inteligencia Artificial para el Español™ (ITVIA),IA eñ™ — La Biblia de la IA™,2695-6411,CC BY-NC-ND 4.0,"Madrid, 2026",EX-09,exclusion,DEFECTO,R_EX: detección de mezcla de planos o salto material indebido,DEFECTO,DEFECTO,1,,componente informacional no equivale a organismo vivo
Juan Antonio Lloret Egea,0000-0002-6634-3351,Instituto Tecnológico Virtual de la Inteligencia Artificial para el Español™ (ITVIA),IA eñ™ — La Biblia de la IA™,2695-6411,CC BY-NC-ND 4.0,"Madrid, 2026",CPS-N-01,cps_sv,CPS,"R_CPS: D(A,B), criterios B.1-B.5, compatibilidad y persistencia",NO-APTO,NO-APTO,1,,falla el umbral energético de persistencia conjunta
Juan Antonio Lloret Egea,0000-0002-6634-3351,Instituto Tecnológico Virtual de la Inteligencia Artificial para el Español™ (ITVIA),IA eñ™ — La Biblia de la IA™,2695-6411,CC BY-NC-ND 4.0,"Madrid, 2026",U-01,u,U,R_U: retorno insuficiente con conservación de no determinación legítima,U,U,1,,falta retorno físico específico para incorporarla al subdominio reconocido
Juan Antonio Lloret Egea,0000-0002-6634-3351,Instituto Tecnológico Virtual de la Inteligencia Artificial para el Español™ (ITVIA),IA eñ™ — La Biblia de la IA™,2695-6411,CC BY-NC-ND 4.0,"Madrid, 2026",U-02,u,U,R_U: retorno insuficiente con conservación de no determinación legítima,U,U,1,,la señal no basta para admitir ni rechazar
Juan Antonio Lloret Egea,0000-0002-6634-3351,Instituto Tecnológico Virtual de la Inteligencia Artificial para el Español™ (ITVIA),IA eñ™ — La Biblia de la IA™,2695-6411,CC BY-NC-ND 4.0,"Madrid, 2026",U-03,u,U,R_U: retorno insuficiente con conservación de no determinación legítima,U,U,1,,relación estructural sin cierre físico externo del candidato
Juan Antonio Lloret Egea,0000-0002-6634-3351,Instituto Tecnológico Virtual de la Inteligencia Artificial para el Español™ (ITVIA),IA eñ™ — La Biblia de la IA™,2695-6411,CC BY-NC-ND 4.0,"Madrid, 2026",U-04,u,U,R_U: retorno insuficiente con conservación de no determinación legítima,U,U,1,,"faltan geometría, estabilidad o retorno suficiente"
Juan Antonio Lloret Egea,0000-0002-6634-3351,Instituto Tecnológico Virtual de la Inteligencia Artificial para el Español™ (ITVIA),IA eñ™ — La Biblia de la IA™,2695-6411,CC BY-NC-ND 4.0,"Madrid, 2026",U-05,u,U,R_U: retorno insuficiente con conservación de no determinación legítima,U,U,1,,no basta para vida ni para rechazo total
Juan Antonio Lloret Egea,0000-0002-6634-3351,Instituto Tecnológico Virtual de la Inteligencia Artificial para el Español™ (ITVIA),IA eñ™ — La Biblia de la IA™,2695-6411,CC BY-NC-ND 4.0,"Madrid, 2026",U-06,u,U,R_U: retorno insuficiente con conservación de no determinación legítima,U,U,1,,compatibilidad no equivale a cierre biológico
